path	bytes	sha256
.DS_Store	6148	23d833d2942a43284e6c25d4a609cd3244cbec68498aa712bd3fc912a4ec7d75
._01 Full v23.mp3	4096	aa9aef6e19af7c057e69989cfd3f382b169252b09fa4c96e34f21718d0161cf4
01 Full v23.mp3	1453552	6f299948ff23c5a728e772c4f86695819052ca486f8f86ceb82224d4e3ab7738
02 Full v24.mp3	1087893	9b51920a3810295e85aa62245c6e9166dfe8d9e966c5b91aa08479cab686b3e2
03 ID3v1 only.mp3	1201968	fa195c94c0e327b649a94d13f3a9042e5bbac608d0f8082357c72f62d9d8d100
04 No tags.mp3	961723	6b17b64a3bd70b644964523bcf2dd03579b93a3dd2fba9dc79bece8a88025130
Deep/L01/Deep L01.mp3	241429	c65cf0483e4626b6fe56e3cc4782be33a97337f94132cf8605a3864abafc5c11
Deep/L01/L02/Deep L02.mp3	241429	64d3de0745e1e5b9d3ef6c52ad1bbd9f531d3ed6d26c953c17b9ec1fd60d6f98
Deep/L01/L02/L03/Deep L03.mp3	241429	1538648ed7aba30367a0d81f564471b9a033a80c0916d3c944212f188b4b2bfa
Deep/L01/L02/L03/L04/Deep L04.mp3	241429	b469be62767a69276b5d14a0ee325cf1427f3d4c383a6645dd93ef92e7fc37a0
Deep/L01/L02/L03/L04/L05/Deep L05.mp3	241429	8fb4a67f1d1d161048ef5863be778d488498275e3be80a6912c2eaa713eb764a
Deep/L01/L02/L03/L04/L05/L06/Deep L06.mp3	241429	2557f72954e460efdf7c8feb6a1aa9bb2dad9b01e717b06be92399927c906e8f
Deep/L01/L02/L03/L04/L05/L06/L07/Deep L07.mp3	241429	84c9495476103f7cfdf10c5fcb8c62d29e208a763742efb586263e686976727a
Deep/L01/L02/L03/L04/L05/L06/L07/L08/Deep L08.mp3	241429	bb59e3d803a2b764a57de614627aa8ed99eeb03527b709f606c008a2a5c0751a
Deep/L01/L02/L03/L04/L05/L06/L07/L08/L09/Deep L09.mp3	241429	66b610d566bad68d67896946f4426ff0a331919803cbf0a128fb54c0e4a01a30
Deep/L01/L02/L03/L04/L05/L06/L07/L08/L09/L10/Deep L10.mp3	241429	19dc5b3f13289847bc6b056b37a0c5471ca6454218087f49ebd775cd28227c40
Filename Artist - Filename Title.mp3	481488	8415330734fe71c085f0748a5f7f6c0f5fc2bc6215ba134262869034a93b04d4
Formats/AAC.m4a	40923	95373787e6b85ac264211f9eb1af9f9ac6564d16530fd6510bdc5effd91f324d
Formats/AIFF PCM.aiff	2650096	66297889f056d8b7917a6e63a716d13974d334d44b4926102921bd2db3ed37b8
Formats/CBR no Info tag.mp3	480862	0a18304f1cb8f6eb747de0db689b30b5fef6e5d11adf96b7f293ac6e315e643f
Formats/Corrupt.mp3	65536	230e87ec762302c68b5a0368441f0ac43c9b0349b93c160b26b78a125ff57557
Formats/FLAC.flac	36613	a865c7e4b822c3bec287a8fa6e807f389055fe1c8e30aad7c70b2babc729bfe6
Formats/MPEG2 22k.mp3	160704	77140e79d36fb5d81efa4e722d3738d8e2b275dd3709134a72dba6e0a4d64656
Formats/VBR V2.mp3	168085	ab6de03b4f973a35e415a440c2d4e46e312c864b237dfddcbaa378cfaa5bbb52
Formats/WAV PCM.wav	2650096	958649b1adec08cf9b72309c802ed0208083f985c881b04b283f7d138faf4643
Formats/Zero.mp3	0	e3b0c44298fc1c149afbf4c8996fb92427ae41e4649b934ca495991b7852b855
Many/Many 001.mp3	65200	9a8795b1ff5eeb6670af48f4e62c463e2691411a9a1cb0e7fdaaa7415680acb6
Many/Many 002.mp3	65200	2c36e981df6e1a1865b932c7b0271fe5ded4d19e154b2dedeef6ce17e7b4ad32
Many/Many 003.mp3	65200	b241fd3d7f8c17dfce0ad9206af55293b574a9e38a9f8ef56ed5750a19260806
Many/Many 004.mp3	65200	4bdc7406967aeb231e69d8509896f7727537502658c1236cc663ce910f799410
Many/Many 005.mp3	65200	02736156666926faac1ab6d4430dde278fd29fed9beb3024d356499555ad17ec
Many/Many 006.mp3	65200	edb72befaab23582a359b5badb979cc7e62027bb843322a8a26b94a39e199218
Many/Many 007.mp3	65200	c13e38b65089ff15416a77abf0d9bf1369cc2fde352abc50d6428f0fb0ac98b4
Many/Many 008.mp3	65200	3e8963572a582c0ef3c4083a5702146a8ac4da579cfd23940c3d440a8f0fc6c5
Many/Many 009.mp3	65200	f5f87a496337817df7c7e8198e04f4b4587d7b762ae729754f2045bb025462dd
Many/Many 010.mp3	65200	f0a5bd51420a23067fb15fc82607ad56aa7c0ede24f11f77a262a9de60f4fcd5
Many/Many 011.mp3	65200	75b48cc75d5c0e9d83e7ac04a21f7b9506a83a2b6bee71ca6564619baf34324a
Many/Many 012.mp3	65200	e6b2f259a715c81a778b226fb3c399208b8320774046fc7a55b87f7ec9d6d1c4
Many/Many 013.mp3	65200	3c106ab0c1817c259f9aa7110debbf2d55fcf13e4de40111e5d44f55b32edb29
Many/Many 014.mp3	65200	0a21c317135302557dd5434ff532cab3aed7838d0b2343ef45502cda09e26364
Many/Many 015.mp3	65200	e65748fc1356da0ec767a544599af708db6c03c60d7e2bbaee7d998877eb9e0a
Many/Many 016.mp3	65200	966ff60a03c6089e4bb676d10ab41a1aff0de3214d7673734506f1a24eb2ea16
Many/Many 017.mp3	65200	a2fe3feb43529841d15546edbe64e3b7df41af5554add4fdce9fb3e6afa93e8a
Many/Many 018.mp3	65200	38b89f2a13511b59e940da27b5ccb6e5066f3f7bb8ba5e59632561ce5c35260b
Many/Many 019.mp3	65200	f2cefd55a6d525d927a11ccffe341e2adea3de2683e16e421ce08d9bac7558d7
Many/Many 020.mp3	65200	3d1ceb2a10ad4a8ffa1f106cb101d3188c022ff9c2cd023c8dce307138bc353c
Many/Many 021.mp3	65200	1233b6a65a7f66bff826fb651feb8bb63d9cfba3d7e6cd07f959da2377e8e6f5
Many/Many 022.mp3	65200	6e3f70bcd2556b7ffd2b5fcf102b924af3666a42002916d71dfaf4a01db514ea
Many/Many 023.mp3	65200	b841b93f83936c002479d7379f93d1fbf334815cb86e67ef58e96fcea1d74d6d
Many/Many 024.mp3	65200	c9b977eca7d816d480ded0c524b896657e622988dcb5508acae8f4f1a112838a
Many/Many 025.mp3	65200	f314e93b917cab1ebbc75265dccf00ef95d68bf6445fb4cc7d78f14cfbb5bedb
Many/Many 026.mp3	65200	2de6f5d343a0ea333bec50532063d936fd342ff2ea7027534b8cf839077201cf
Many/Many 027.mp3	65200	54cc0f901751359ef351d78dfb5cd63437b530f19c5fab17aa431e9a9cc1c11b
Many/Many 028.mp3	65200	cf43f829be4da5963509de1833b0c2dcaffd991aa9fd3d96fc78bf806433bb04
Many/Many 029.mp3	65200	b1683c306f7161281508ab9b6a688c560aff2f135537ebf1e742488a1d4f7632
Many/Many 030.mp3	65200	ceae8f20c6e5bf307d5da4819a861aa37a87eb68140afcdc869f77aa34c5d7b8
Many/Many 031.mp3	65200	4a222e2d6689d45b8006ed6a7af35d62b47372a6a2248de2a10f3841b84fa182
Many/Many 032.mp3	65200	477a11ce566993590a05c39738e5882cbcc617352e443525ab08c0aa494dab2a
Many/Many 033.mp3	65200	1587e2ef3811cc76171c01b1b6a24519df916c42ab926bc40835b168b4d09d36
Many/Many 034.mp3	65200	4ad3e93ad828c2c1839b126d98d111fd3774dc03095d36205e64ad730dbd20a3
Many/Many 035.mp3	65200	d31f9fe766b19a6a5e54046ea53811d9a8e136a529f6a66a199b97281febe2e7
Many/Many 036.mp3	65200	4395e527b34ef932a0d0be7b7cb1b0e3add68a5715c46837c16688a0c57dda30
Many/Many 037.mp3	65200	dca7f2f6ec73f2c1c05782562bf55ec9654a038fb986a1c8e94f1608b954b8af
Many/Many 038.mp3	65200	6c6004f4cd7fc45ed216ad21179afb99d87978ef4f8034e4fdd42253c5e3698f
Many/Many 039.mp3	65200	0df2d738bc5f737cb48848c7094aac59ff137bd64ae4fe5f1492225aba35f0e8
Many/Many 040.mp3	65200	0be25ee511289c302fa1ded6d77dc1b8b8914892355d0005b126408721573138
Many/Many 041.mp3	65200	258a060b19bfa7678592926fe375b2b198a26af9a9aa47af6b3a88ba7483d09f
Many/Many 042.mp3	65200	9782a397964f1768351978c4e53f42ab576455ef30ebf979b0cb24f323b7af93
Many/Many 043.mp3	65200	33ad098f073e1eb6adbc485c88dbc8eccd887311e86ef76291ea6a08292af4b2
Many/Many 044.mp3	65200	a0f2a822659f6d298feb91faf49ed1bf7364cb19ed76c411c864d12d78eef653
Many/Many 045.mp3	65200	08bbced4de5a96b7f9cd236ffeffbd75dee9bfef587c855edc35be1006bdf314
Many/Many 046.mp3	65200	d6a2e4644130e43c2e384779e0a92f59a1ba55e8506d00e23acff4499b88885a
Many/Many 047.mp3	65200	4ed73ac5cc593ad63a26b40751c842fa01b9b02b6a27b3374e43626b8e671f20
Many/Many 048.mp3	65200	e5aa9e8719ebfa1edbee23c590ac8044825786370b46bb7d034b73b412f6a580
Many/Many 049.mp3	65200	cfc7079763c626a06e3803fa96b6cc888afd160a3922fad926aa8ca2080a89b1
Many/Many 050.mp3	65200	866d89200a8813535bcbde257d4b0845bb9b266162c3b999bf1a0dc7906ed590
Many/Many 051.mp3	65200	ebba63497cc475f1051e64a4e50bed5ef06e35036b3a90598de7bfed43556e92
Many/Many 052.mp3	65200	b1c4f803efe4f7d9d2b959c129c0a9f1407cc2c38799e59f806846bd6184035a
Many/Many 053.mp3	65200	835e021f88280e8ab4c512dbbbb89bcc163f05643c4b75890fedfe1db05bc9cb
Many/Many 054.mp3	65200	e716f84814a02cabc40788514bd2dfa1a4aa54857dc2178e018ccbaa7f5d0607
Many/Many 055.mp3	65200	3b7ccab0a98c16a543d586386b028a8c4e366d6290830d266cde6a3ef5ac9ea5
Many/Many 056.mp3	65200	e8febb679508264e05b2517cb7ff1c31d6dfe757a0e28e15ee9fa3d6c34bf15b
Many/Many 057.mp3	65200	bf9811d1d6523aa10087b29774c85fc87ac331fb93d78a433573d4b84e06fd84
Many/Many 058.mp3	65200	93630b2ed9b39bfc7ccb42223ce26b004d351fbd0aacb2ec0418dfa8695d97fb
Many/Many 059.mp3	65200	4681d3523b5b2daf69bc23791d3c41f88ff6ff4f90107685027015eff81146dc
Many/Many 060.mp3	65200	33668914081436d9eb56066a9b10bfc7aa3c2f878059dd9a0bd455be8e1487ef
Many/Many 061.mp3	65200	6ec6ac442fe1fb6bbbef0ab7d36349d7d7ddf2cf076f322d75ea2bf2a8996379
Many/Many 062.mp3	65200	02478c5072e725cd091f6a2417a195761440e71be7e22856e323912a7ee0082f
Many/Many 063.mp3	65200	4d598eff901e5d087c07c058483b4aa79ff580415505ada1cc10c6e95b37e974
Many/Many 064.mp3	65200	9fa9b4dce49e27de3b35c9ba74fd54d6e621566682162d91aebe9bf156812979
Many/Many 065.mp3	65200	f4f34b4c277a8295df0c7bf62004aea8a8629ebc58f5f70691c8079af2584ba6
Many/Many 066.mp3	65200	668abcf593de9673d60d5a65c2aee93dd223c9ec67a5670f0d95e4155af5a521
Many/Many 067.mp3	65200	3062b3d454cd524b7dd0ed0a49c4164f673396337fa1b0e406390944653d9df8
Many/Many 068.mp3	65200	3402f78394d32f9cb8c231c9f64982a48ba4166e6e4715470b949dc5f4c86ef6
Many/Many 069.mp3	65200	14e0c6cca773379264326eb0ff3479695eb0d15572592ecc0298416a1287c62d
Many/Many 070.mp3	65200	cfcd6468f22b331905c82bc3feb91379caaf68b83f17aa93579cafad00b34fd6
Many/Many 071.mp3	65200	842c6caad1e074ee52c6f5cb95476d56c182efae0efb1ae6024d8048ca89e1ac
Many/Many 072.mp3	65200	6f94dc5dc9040da685e88ff87fb6dbee9baa3e9f7179085f9cb8ae9af20afc1c
Many/Many 073.mp3	65200	4f747b164e5689b7417517a122ce7c4d66e03839b811d2da5f88715c8e5d3da8
Many/Many 074.mp3	65200	836ba5fea421fc42dc7169f4dfbeb3e13eab002ee65e91fa6112528040b2e857
Many/Many 075.mp3	65200	d6cce090375d86d289126bc52c383e1e2591edd3eee0f6c50d30b71c959bb69c
Many/Many 076.mp3	65200	30dd53eae1a6a3bae2064732b7ef1bfa9be4ee0e1cbe071da10c3da3d9c69316
Many/Many 077.mp3	65200	2e51bf57956fb590ed565f6f4b68ca995603a1f66547853e095df30ee19e30d2
Many/Many 078.mp3	65200	a3b5f7a92459c35d100a05f4c245a883af237134a337a7e771f654acf361bf7f
Many/Many 079.mp3	65200	5469ceccf56f9832420432319e058fced118017e71d841af0ed7e8f9f3c52502
Many/Many 080.mp3	65200	2da075d7a4386773ac3b69dd83672d78fbc4712f11bf253451762c13d8f6bc24
Many/Many 081.mp3	65200	a16933313b75e867a55ffbc0cd6d26a637c7156e504536624730fac9d810cbe4
Many/Many 082.mp3	65200	881371aeb375700e5e328d0e6844a299d9c9dc9abbe7404f700075aca8f92ef5
Many/Many 083.mp3	65200	59773c0dde43a40bd8fea803e6d973520ee210e9064a478b4e279e015cca1370
Many/Many 084.mp3	65200	024c42be98818298c437e287903ea3aa53d39c09fa25c6f64f754d8ea379450f
Many/Many 085.mp3	65200	76429af01c97186f935775f6e67c119fb425fc1d7e57ac319defe8c900306b1c
Many/Many 086.mp3	65200	8ba30d63c55cb970be5046644f01bfa9fc073b730b6561800a6b5d6fa1cd48ba
Many/Many 087.mp3	65200	85a80d9630bf4be2e9fed9786365ce6959191ad2303036ede208d1eb3cc32177
Many/Many 088.mp3	65200	2842a7ed01c5b4c6100f8ca22853073ce39eba2235dd83076d83ae7b21013ec8
Many/Many 089.mp3	65200	d536b2f73e5a64a4d7b88f4408d288df4986ff4ba9341b28a647e620d4df5050
Many/Many 090.mp3	65200	c309e92e5ae58384bdeccc6bd049d801f639572749d4cfab5e3ae3e5e93d286d
Many/Many 091.mp3	65200	334d67153df243739affef2e696cbb68f7e5f015d682e6526ff23a08d7e4b49e
Many/Many 092.mp3	65200	b4e63aa34659c37a30ddeb30f753c9cb73490a50d421761633f0c10c80f1cdaf
Many/Many 093.mp3	65200	632de7d78da603efeb002e454eafb159c165e048695c0f0376a336a98c4dfd16
Many/Many 094.mp3	65200	aa57cf9ba0354fcd37c9e33e5cd38dde335e2c4a3204b99e722bbdf6deaf5e8a
Many/Many 095.mp3	65200	78b01b0d7dd2a41afe6af8d6c636d17ba9b78a0a6f96e6b0b47558587dedfc11
Many/Many 096.mp3	65200	df50bb96f866fc6850a88d27638a255870aad1aec3bde2ee0ce1a112494d1821
Many/Many 097.mp3	65200	9fe1d07f18bafd5fa91ec4251dd580883e3ec944fda709022afd3b452861b914
Many/Many 098.mp3	65200	18c63907b48529cd9831e2b12255fd31b6470564d21201a97243f6b13a93ba87
Many/Many 099.mp3	65200	deaeb7be3f8eed4698cc7463ce61bc9b0e574b5b13df4e0d62d0af19ddad9bdf
Many/Many 100.mp3	65200	9f2429d8db4f8d47fd9b6b2ac4b951b3035db6fd69c3d70d7ad5f0adabeac2b3
Many/Many 101.mp3	65200	476a18ce3a407e70805e00a018d3f8dc6604b8a2506360ed656316a8f8e36e03
Many/Many 102.mp3	65200	b600e352d93847c2640870f66201084b7c3c88398cb57d9946da44d7c9435d00
Many/Many 103.mp3	65200	dcc03a579e181d5a00e3f8744c738f0a5eb67c722ea86c303f996af81fcc95d5
Many/Many 104.mp3	65200	179f1b5db383f91377d1de3f0f29d7aaa8a8097c454df68cedebb0d45801d80d
Many/Many 105.mp3	65200	60334b7d76f246a79e6fce3a77e6af9d63ed43cc6c84a6df33185cc6fc0b5b64
Many/Many 106.mp3	65200	231fbf3183ac214b2f80699627eb2856c4cb209e7287f166740f613c892a82e4
Many/Many 107.mp3	65200	3b114a94b45b613bde7907783c699454ec2a85b591d23dc8bdc761d65cc8bfb3
Many/Many 108.mp3	65200	a5fbd20c0ba47757f5a902e49c6e6be190337ee3400881e5ab41d9be694f65f6
Many/Many 109.mp3	65200	cce565071fdcf537b77c1b260f066fd2bfcbb6c9b090fe56916e48eb069ad049
Many/Many 110.mp3	65200	c618fde4cc36c2a704f776e7a2d39ad0752da5c72fabafc1db919d9f0b27ab7c
Many/Many 111.mp3	65200	218c9a8faab4c6a80998307be210d36478022ef548e6c8e25cb379f7a02639b3
Many/Many 112.mp3	65200	f8c80acca9f10801406ad3512b40e3478a5290738fb56ec9582dc15f3048b5c4
Many/Many 113.mp3	65200	c5fb72b78f8b0044248c6df16a22733b31dc4c4e63aa5726f58e8cfc53fd2d30
Many/Many 114.mp3	65200	46f74dbc93214a409409790133b76bc1d80d025816c965da8582eb69a61b258a
Many/Many 115.mp3	65200	aa4c4a9f29ae86c3d888b064f5ef25e2c36b77a1a99b4bd74a1c9f68b9431866
Many/Many 116.mp3	65200	217c36734251b42f1472a445684fdc07ac506409a8e28ba747b6dcb010310758
Many/Many 117.mp3	65200	bf593a2c4a173c35773ad4fa0d421319b24ec49b53baecbdf0822f55ca8c67d2
Many/Many 118.mp3	65200	8c6d5636218d82017f5972707219831104198bb6eb825005b1d1c79bdc0d3def
Many/Many 119.mp3	65200	9dcb0fe1f8b87dcf57050c89821364f4e3631d2069f88fa1eb9327a3708f61fb
Many/Many 120.mp3	65200	30e61b1607593020116db453640be7de716ee8fd72a85b84d3899a356038b180
Many/Many 121.mp3	65200	1eef54227a74e2e91970ab2ab62a2348a0f1f308fe5deedbdf6b9d5901588005
Many/Many 122.mp3	65200	241a1f9c753c1ab18ce5d02f5b79df7cd4d548772f490d3f1c8f15935d079816
Many/Many 123.mp3	65200	5f01283df02a39e448c4549fe2b56efee1b1f9c0ae25147113299f51ae5d68eb
Many/Many 124.mp3	65200	dfb0f7692d08b2a43c7b4f51694070973849aa32b9ef4e18a5cccea5842222d8
Many/Many 125.mp3	65200	10964f11bd7f30208db21db384b23c806f5b19f8516461180fbc6f581ee897b5
Many/Many 126.mp3	65200	1e15871dd738690958de0a0ddebfcb077e6f08869f422baf48cc5c3d438a9ee3
Many/Many 127.mp3	65200	39a4511ebd27a4122fee50d79ade7698940fef0edd6eb979fd0cc6500bad1841
Many/Many 128.mp3	65200	4ff31bb6f29c0ee789428cf320910031d148f18b19ad1b7dd799df28fb9bc9af
Many/Many 129.mp3	65200	4d5b3d3dbd17aa4def58007885cec9d85a71e198b177e617cb4cd90da4c5b60c
Many/Many 130.mp3	65200	bc6413802cf5acd07edaa3de876dc74048546185b04ea1ff526358f239b67dbc
Many/Many 131.mp3	65200	038c90f596e624a500642d4ab005048e53327e417b50ee470d765c540b6eebbb
Many/Many 132.mp3	65200	1af8716feedd6c48ff30c272f10c73ad69d2f7627985668c18a068a2ae2616e0
Many/Many 133.mp3	65200	ec135dfd946f27233e3bd02b6738f5b852b82d562aeed62070dce10cd78e579c
Many/Many 134.mp3	65200	6dba6a829688f252928b35d87caee88c58af5d9f9ca0fc8ec66e12cff4c4a02f
Many/Many 135.mp3	65200	37a55b13ea9087b264874cfd40b42ef61edc63f5355b189b4f4e6bb466c6479e
Many/Many 136.mp3	65200	264fca9b5476cb85073080ac330002e80c0133f4f8bedb5f74686fffad4447a2
Many/Many 137.mp3	65200	db8e651278fbe17f6507e1664ab85b291f843a4df70548704fc4b93475b9c30e
Many/Many 138.mp3	65200	e9c6061125aa91ca97f87d116900e44d856c4038cf2362f452f9466e8aeb0550
Many/Many 139.mp3	65200	3f0855aae40788b183173d24e06fad4dbf89f81cafe64b5ad5044c90b49a52da
Many/Many 140.mp3	65200	9622360ce22dc6bbd37405438c371a418eec59a2bd611b86e5bf45c36ebe2b82
Many/Many 141.mp3	65200	430c5c6c073b8ac8b8d98ccc47c981d502a2e77cef8092ea417ae900ef34607b
Many/Many 142.mp3	65200	7c16c13328442f07d778b6e6101bce31a3de4ce8dda20311427f746b9c584d0a
Many/Many 143.mp3	65200	71f50fc6dc2d305f73d5051ff8b10a0da99a3ec5fb93dcee2ed6b7952c975f3f
Many/Many 144.mp3	65200	051eca258b84656f3138815be1fb4e6cbc9c16b9bb3826478611e948d476605f
Many/Many 145.mp3	65200	50ec86104702aeeacade391f45381dbc7102fdc791bec84b7e3e7da304d1d290
Many/Many 146.mp3	65200	ed3b47933b0ad50a0d2ddc68c4baead475db880a72bc98fbe2b70cd1f857a1f3
Many/Many 147.mp3	65200	fb9ebbd955c9e0c3275393264cdb2f82f4364b7a0d499942c23f4d11856b507c
Many/Many 148.mp3	65200	b1ffd445cdfddb4c87b994eb6bbd8bfaaca43646b29a3fd8f427995dd2814609
Many/Many 149.mp3	65200	f23bbc1db17370ada9e466f5d59306b183959bd51f5ea745137a9a42db7da255
Many/Many 150.mp3	65200	169bcdc3e9ad70ef8fa27bb92083d07abfe0377be3a7d4e9ea87481a429c99e1
Only Docs/readme.txt	30	4e1d9bcefdf0432ea9a290018a75e56a3793202e9bf9340dcadc73ee508d8f0a
Order/B upper.mp3	481616	b54c3397f8824df0164198f1108f4d62505ad05af47754ecd51db755938ea179
Order/M folder/inside.mp3	481525	594cc9d322ffc5a2b68a147d8047918c2bab1211c7d79455eed02e1d8df8068c
Order/Track 10.mp3	481620	f6032a75267646a70b1b76414a4f1dd514ba6648da660bead3c796997c9ac3a3
Order/Track 2.mp3	481616	123e44c0e3f625132edad7082ee242a22dde5d2cc8dcc369d3e227d3bca9f59f
Order/a lower.mp3	481614	78acb49b74a6ebfde36a81b0012030f2d825e4f7c587eff894064fa0a99e7b3e
Order/Ä umlaut.mp3	481616	336ad38535997bb1c57b40f0bc1355d85d83ada0870fa385bb7045b74be36c45
SHORT.MP3	481488	c6dd1da43b7879e79c330fdccf1b28b1e9588724ed05bbad3663de18f84da001
Sort/!bang.mp3	33017	aeca32ab11b5ce65ca5b6263f6e0c016b2e032967bb2b114d35f44bbcc19d2ac
Sort/#hash.mp3	33017	da9acc99a1056261a7376ee4d369bde157ecf9b4402c8b2e75c6dd2ed3c65849
Sort/&amp.mp3	33017	d8da7bcf4e1af723cfd45f7eb38fe3408566ad8865edff0b113fa58ae3cc69e1
Sort/'quote.mp3	33017	40e6b96af620780daeb851d5216970dab3177b72be4c08aac4ace284f671604b
Sort/(paren.mp3	33017	9fe60a59f57ce48c3669b84d0a92d530288c2b5df28d057ee24b43e3a3b7bde0
Sort/-dash.mp3	33017	e4b69fa6040f9bf182b46e710178d5a05e47f1d8d3ac33105e83cd19ce4d27d8
Sort/1 one.mp3	33017	d278f83dbef10b32aed84400a173b7200dfff733b2f8f4b47b37a7b6c8b0c367
Sort/10 ten.mp3	33017	b8252518ec9f3d07c3fd5273e6f07f69120bca12e0a714ddbbf38a5e3e479a6d
Sort/2 two.mp3	33017	65c0acd0f4ed2f43eff1e08e62c266b46104d4039e1242c62837fe6118e325d6
Sort/ABD.mp3	33017	803fe0938dcfada4919e2c2eac52d255aa714978f8f9c4f30a320473fdba21ba
Sort/Zed.mp3	33017	d5c1fd622fed263bcb50d9f4e19f32d7ddc9f589d5e959062574e8ff779d24fe
Sort/_under.mp3	33017	0fd107e2e4cefd853b88b960f386b0bc0fc1963465c9b01d01ee6030cb1654ab
Sort/aardvark.mp3	33017	1acd2c3717310f44450977081eec5a95988e5a824ea92387cb492e09961723ff
Sort/abc.mp3	33017	879bd934769f0bfb47d3e02bdb41b0202ad0fdca2af326fd8e7330beec97ebbd
Sort/~tilde.mp3	33017	0b1976f74ba0ddbb0d6cf23e715efc1042f613494fe3a080c2e4045a448c8e72
Sort/Äpfel.mp3	33017	5b7dc5828f0d39b5b0dd31088f05e96c6bf91d2440e61b059a8bfdfa0ce0ec79
Sort/Éclair.mp3	33017	9bafdfe8b73064fb19f86dbda0970bb5e0297026a362c09fbbf77b64c8f1486c
Sort/Øre.mp3	33017	b44271c42c1be46c5d6e2089bb6093cfc3081d741f651732170f7fb42dd440e7
Sort/Ωmega.mp3	33017	425604a5a74f8bc6fad1a63e69ad28ca4c79b9c472126fe50d771fc9ab02f998
Sort/Ярь.mp3	33017	650c89904fa1305bbbafdccdaa4ddbf03ca055ac39b6ceabeb2d8eb94f66b82a
Sort/日本.mp3	33017	170070bebf80f0015fa3b19ba23c7e760119add358c2b61390cf96f14056e88a
System Volume Information/IndexerVolumeGuid	76	205f3b5691d35a83d35ba92f6d5e9967756457c974d23efeb5d0f52e9f7414d2
Unicode/Café Crème NFD name.mp3	721675	e730e49afc3be1444c43678ef4d4a8e259f2c41a59726c92964799547467e43c
Unicode/Emoji 🎧 name.mp3	721666	9b3ce64af5b590f86e5998ae30f7416aaaa99b2cdb792c677ddd178b9e22e8a6
Unicode/Ünïcødé Ελληνικά Кириллица 日本語の曲名 — a long name that runs well past sixty-four characters to see where the screen and the protocol cut it.mp3	721841	f9ee173ce6b8f2bbdb3b46d1eed748f4e6b43de069093b63f62e240cff934b21
cover.jpg	9326	86c33a32ffe93ea652f788ca0011b407106a4c80d10af4870d0db83ddb1969ce
notes.txt	48	1af855e9419350ea19f3564c92b0c73c8a79fbe36777ad29531a2c817f14fd43
